name;id;text_gen;toString;total
hugo;0;408.8955;437.18326;846.07874
hugo;1;348.6911;311.00064;659.6918
hugo;2;320.94965;257.06104;578.0107
hugo;3;280.1119;305.09674;585.2086
hugo;4;295.38254;345.61734;640.9999
hugo;5;345.31937;253.624;598.94336
hugo;6;270.43158;252.60818;523.0398
hugo;7;271.63705;304.5881;576.22516
hugo;8;286.60107;251.51044;538.1115
hugo;9;280.33774;336.5056;616.8434
hugo;10;274.35318;255.91643;530.2696
hugo;11;275.24655;254.25995;529.5065
hugo;12;288.41653;255.06786;543.4844
hugo;13;273.58014;312.32748;585.9076
hugo;14;276.31308;309.86575;586.17883
hugo;15;304.70648;356.1824;660.8889
hugo;16;308.75296;345.35986;654.1128
hugo;17;306.5977;344.6164;651.2141
hugo;18;271.85593;270.17435;542.0303
hugo;19;275.54605;267.67807;543.2241
hugo;20;271.11804;306.46246;577.5805
hugo;21;329.7638;258.92883;588.6926
hugo;22;273.97717;312.3991;586.3763
hugo;23;275.01263;318.59738;593.61
hugo;24;273.59113;252.64624;526.23737
hugo;25;275.2739;357.89053;633.1644
hugo;26;280.77316;309.24948;590.02264
hugo;27;275.06305;250.15372;525.2168
hugo;28;277.15344;260.85025;538.00366
hugo;29;280.48962;249.31032;529.7999
hugo;30;272.9087;256.17987;529.08856
hugo;31;287.2544;266.13525;553.38965
hugo;32;563.37036;418.6843;982.0547
hugo;33;345.753;294.39075;640.14374
hugo;34;329.31107;278.76926;608.0803
hugo;35;280.23822;249.55402;529.79224
hugo;36;358.07678;376.2498;734.32654
hugo;37;326.2863;288.42377;614.7101
hugo;38;444.20883;371.23367;815.4425
hugo;39;344.606;397.0402;741.6462
hugo;40;583.62616;496.22787;1079.854
hugo;41;556.2274;466.85452;1023.0819
hugo;42;550.4077;510.8091;1061.2168
hugo;43;409.24582;398.45676;807.7026
hugo;44;340.71344;297.9076;638.62103
hugo;45;454.6849;359.6892;814.37415
hugo;46;293.1657;287.7593;580.92505
hugo;47;392.9829;326.24918;719.23206
hugo;48;367.8712;434.29657;802.1677
hugo;49;349.36887;278.4071;627.776
hugo;50;385.00705;272.6474;657.6544
hugo;51;402.70316;332.16986;734.87305
hugo;52;335.25552;328.29926;663.5548
hugo;53;348.9886;311.18896;660.17755
hugo;54;344.75482;381.7221;726.4769
hugo;55;372.78207;337.7895;710.57153
hugo;56;400.9773;433.00708;833.9844
hugo;57;287.2705;283.75662;571.0271
hugo;58;331.92496;277.7402;609.66516
hugo;59;287.32605;293.11423;580.4403
hugo;60;286.22125;261.9282;548.1494
hugo;61;398.2632;350.4043;748.6675
hugo;62;346.13397;389.24432;735.3783
hugo;63;430.9445;412.18936;843.13385
hugo;64;288.82028;277.13437;565.95465
hugo;65;337.76614;319.68106;657.4472
hugo;66;276.8482;331.05725;607.90546
hugo;67;280.47693;256.37152;536.84845
hugo;68;286.68323;255.96597;542.6492
hugo;69;276.47452;272.88577;549.3603
hugo;70;276.75687;256.86148;533.61835
hugo;71;279.01855;256.56906;535.58765
hugo;72;273.88763;254.76419;528.65186
hugo;73;273.7158;258.2824;531.99817
hugo;74;272.02286;255.03659;527.05945
hugo;75;276.48004;256.52417;533.0042
hugo;76;277.39417;254.17352;531.5677
hugo;77;279.86517;263.48416;543.34937
hugo;78;273.85022;254.33473;528.18494
hugo;79;274.07367;253.06053;527.1342
hugo;80;274.33057;256.08255;530.4131
hugo;81;310.83353;289.71518;600.5487
hugo;82;276.4757;260.55936;537.03503
hugo;83;273.01697;255.899;528.91595
hugo;84;273.13235;253.55771;526.69006
hugo;85;290.78943;256.71408;547.50354
hugo;86;281.5421;259.31866;540.8608
hugo;87;276.14566;257.00305;533.1487
hugo;88;279.31662;258.36945;537.68604
hugo;89;309.4389;256.16742;565.6063
hugo;90;273.04816;261.98718;535.03534
hugo;91;275.03397;255.71999;530.75397
hugo;92;278.81528;253.70288;532.5182
hugo;93;312.8548;255.82751;568.6823
hugo;94;274.7754;255.3925;530.1679
hugo;95;271.93475;252.15665;524.09143
hugo;96;273.84833;253.66623;527.5145
hugo;97;287.71353;253.52708;541.2406
hugo;98;276.79126;256.86053;533.6518
hugo;99;272.09512;256.11993;528.2151
hugo;100;272.41144;256.42267;528.8341
hugo;101;274.7282;256.5829;531.3111
hugo;102;272.6394;255.07884;527.71826
hugo;103;275.76935;255.30516;531.0745
hugo;104;282.31467;282.82825;565.14294
hugo;105;276.07132;259.6105;535.6818
hugo;106;278.79352;269.0801;547.87366
hugo;107;273.71732;261.06885;534.78613
hugo;108;271.9323;253.57693;525.5093
hugo;109;282.6674;257.23462;539.902
hugo;110;278.18323;258.9125;537.0957
hugo;111;271.37674;254.29526;525.672
hugo;112;279.769;254.23785;534.00684
hugo;113;287.40323;258.73495;546.1382
hugo;114;273.4493;255.60245;529.05176
hugo;115;275.22205;252.858;528.0801
hugo;116;284.42502;255.85571;540.28076
hugo;117;299.01453;257.68967;556.7042
hugo;118;293.73975;255.57709;549.31683
hugo;119;271.09116;260.46506;531.5562
hugo;120;273.88223;254.14056;528.0228
hugo;121;277.09384;254.95633;532.0502
hugo;122;276.4223;259.6235;536.0458
hugo;123;275.27737;255.64134;530.9187
hugo;124;281.38953;258.30435;539.69385
hugo;125;300.25882;258.87708;559.13586
hugo;126;279.65106;260.4935;540.14453
hugo;127;277.8586;255.48122;533.33984
hugo;128;277.87167;259.73047;537.6022
hugo;129;276.56042;258.52786;535.08826
hugo;130;284.1303;255.29117;539.4215
hugo;131;277.65482;251.80595;529.46075
hugo;132;277.4664;260.15714;537.62354
hugo;133;274.181;254.3407;528.5217
hugo;134;275.9891;255.66483;531.65393
hugo;135;281.02353;256.15265;537.17615
hugo;136;280.4903;254.90884;535.3992
hugo;137;274.91968;294.88596;569.80566
hugo;138;272.5859;278.85168;551.4376
hugo;139;281.81757;254.11754;535.9351
hugo;140;275.5786;257.0388;532.61743
hugo;141;276.7244;254.75568;531.4801
hugo;142;275.73615;255.00578;530.74194
hugo;143;271.5595;254.16026;525.7198
hugo;144;276.95334;251.76581;528.7191
hugo;145;276.34225;258.17184;534.5141
hugo;146;273.9609;253.9907;527.9516
hugo;147;270.84744;251.69522;522.54266
hugo;148;284.24158;255.20828;539.4498
hugo;149;274.2643;259.14932;533.41364
hugo;150;272.48578;256.01627;528.5021
hugo;151;275.6269;256.0889;531.7158
hugo;152;315.7206;258.2675;573.9881
hugo;153;276.87424;254.55571;531.42993
hugo;154;273.2147;258.7785;531.99316
hugo;155;276.81226;253.39258;530.20483
hugo;156;274.34836;253.25568;527.604
hugo;157;280.4107;265.33517;545.74585
hugo;158;275.27737;278.42868;553.70605
hugo;159;284.63245;294.37155;579.004
hugo;160;339.68195;295.02344;634.7054
hugo;161;308.98578;363.27615;672.26196
hugo;162;316.3909;280.73993;597.13086
hugo;163;303.65442;284.09875;587.7532
hugo;164;314.2686;282.65094;596.91956
hugo;165;305.16266;287.65805;592.8207
hugo;166;534.10565;518.0619;1052.1675
hugo;167;339.4723;311.6564;651.12866
hugo;168;310.7799;290.6943;601.47424
hugo;169;345.9625;395.80472;741.7672
hugo;170;595.74304;377.7373;973.48035
hugo;171;547.09143;290.61475;837.7062
hugo;172;411.92252;319.81537;731.7379
hugo;173;299.26044;283.7458;583.0062
hugo;174;426.74283;291.03598;717.7788
hugo;175;302.78802;289.09238;591.8804
hugo;176;367.0189;360.88596;727.90485
hugo;177;367.6999;281.6299;649.32983
hugo;178;316.80814;300.39276;617.2009
hugo;179;411.68375;378.85095;790.53467
hugo;180;318.67038;318.70602;637.3764
hugo;181;597.9329;546.0079;1143.9408
hugo;182;470.98135;544.39087;1015.3722
hugo;183;854.9629;482.4936;1337.4565
hugo;184;354.1184;280.34412;634.4625
hugo;185;306.64618;280.07672;586.7229
hugo;186;306.0738;330.60577;636.67957
hugo;187;298.42712;279.50143;577.9286
hugo;188;305.39584;292.67554;598.0714
hugo;189;300.485;318.7483;619.2333
hugo;190;303.85352;282.30624;586.1598
hugo;191;306.61386;286.33975;592.9536
hugo;192;313.2432;282.9748;596.218
hugo;193;304.00546;283.37015;587.3756
hugo;194;306.23444;280.69077;586.9252
hugo;195;346.03857;283.15442;629.193
hugo;196;437.91107;536.4714;974.38245
hugo;197;315.59372;293.82892;609.4226
hugo;198;356.9733;315.49927;672.47253
hugo;199;396.75705;337.32156;734.0786
hugo;200;458.01526;367.2473;825.2626
hugo;201;311.92468;317.34595;629.2706
hugo;202;310.17108;294.21973;604.3908
hugo;203;351.593;295.41498;647.00793
hugo;204;351.32455;323.63156;674.9561
hugo;205;321.998;290.95303;612.95105
hugo;206;307.14322;286.16885;593.3121
hugo;207;321.5407;314.3266;635.8673
hugo;208;310.35718;292.04498;602.40216
hugo;209;306.58777;296.7366;603.32434
hugo;210;312.06354;304.39438;616.4579
hugo;211;310.64;292.6041;603.24414
hugo;212;359.23297;409.1494;768.3824
hugo;213;377.2188;390.20776;767.4266
hugo;214;431.2384;319.28494;750.5233
hugo;215;485.9676;346.46158;832.4292
hugo;216;323.3234;294.6206;617.944
hugo;217;347.82986;368.35858;716.1885
hugo;218;315.97452;305.52832;621.5028
hugo;219;310.68088;296.8378;607.5187
hugo;220;307.20276;292.3912;599.594
hugo;221;317.38467;327.22617;644.61084
hugo;222;347.0806;309.88208;656.96265
hugo;223;313.9455;291.51028;605.4558
hugo;224;329.2743;295.7879;625.0622
hugo;225;312.11487;297.26675;609.3816
hugo;226;318.12292;297.08362;615.20654
hugo;227;310.92297;299.6818;610.60474
hugo;228;312.26837;304.51105;616.7794
hugo;229;326.24005;318.68256;644.9226
hugo;230;319.59344;299.04144;618.6349
hugo;231;314.24496;297.10394;611.3489
hugo;232;307.62997;286.60815;594.23816
hugo;233;325.69553;291.77338;617.4689
hugo;234;317.80487;302.16803;619.9729
hugo;235;334.5222;393.61615;728.1383
hugo;236;458.4712;439.5315;898.0027
hugo;237;318.8784;383.06415;701.9425
hugo;238;377.45728;376.3151;753.77234
hugo;239;344.44846;367.6214;712.0698
hugo;240;375.19168;420.7709;795.9626
hugo;241;319.84598;302.10284;621.94885
hugo;242;328.52502;315.01407;643.53906
hugo;243;312.7433;297.5595;610.3028
hugo;244;313.81665;290.38205;604.1987
hugo;245;313.07004;289.19968;602.2697
hugo;246;319.47766;297.041;616.5187
hugo;247;329.48273;290.81876;620.3015
hugo;248;311.81424;287.53503;599.34924
hugo;249;306.3398;297.9976;604.3374
hugo;250;306.68924;294.85297;601.54224
hugo;251;313.43784;354.08057;667.51843
hugo;252;320.7908;354.74582;675.5366
hugo;253;360.56366;517.8585;878.4222
hugo;254;307.98798;286.44263;594.4306
hugo;255;330.85153;301.27643;632.1279
hugo;256;316.2521;291.56308;607.8152
hugo;257;310.3119;294.63876;604.9507
hugo;258;321.05853;292.9889;614.0474
hugo;259;314.05502;297.70493;611.75995
hugo;260;309.5847;302.33994;611.9246
hugo;261;310.13242;296.88483;607.0172
hugo;262;310.83707;292.24222;603.0793
hugo;263;308.4801;293.2965;601.7766
hugo;264;314.44113;287.4553;601.8964
hugo;265;312.028;292.2119;604.2399
hugo;266;312.13388;286.73886;598.87274
hugo;267;312.66098;300.0171;612.6781
hugo;268;312.19772;301.76154;613.9592
hugo;269;311.45877;297.57556;609.0343
hugo;270;312.9575;292.1393;605.0968
hugo;271;314.8127;289.28027;604.093
hugo;272;304.607;303.98267;608.58966
hugo;273;314.71054;288.78653;603.4971
hugo;274;318.49927;289.65958;608.1588
hugo;275;314.8158;290.6983;605.5141
hugo;276;312.29788;289.6093;601.9072
hugo;277;311.14667;287.86234;599.00903
hugo;278;306.84702;309.24304;616.0901
hugo;279;306.30176;290.80902;597.1108
hugo;280;311.27484;294.96347;606.2383
hugo;281;351.33475;289.56235;640.8971
hugo;282;310.6283;291.8339;602.46216
hugo;283;318.83444;289.757;608.59143
hugo;284;307.98862;294.891;602.87964
hugo;285;310.00006;302.01004;612.01013
hugo;286;307.61798;293.77765;601.3956
hugo;287;305.76834;293.1377;598.906
hugo;288;320.6275;317.03604;637.6636
hugo;289;319.65582;309.29208;628.9479
hugo;290;376.70068;456.9266;833.6273
hugo;291;397.71216;384.21875;781.9309
hugo;292;364.19647;306.30658;670.50305
hugo;293;335.85367;318.49774;654.35144
hugo;294;514.9699;462.60184;977.5718
hugo;295;444.0006;445.6438;889.6444
hugo;296;357.36652;420.25787;777.6244
hugo;297;333.7224;331.43552;665.15796
hugo;298;313.58997;300.59476;614.1847
hugo;299;318.05792;303.44727;621.5052
hugo;300;320.0392;303.6659;623.7051
hugo;301;331.36563;300.13742;631.50305
hugo;302;321.56735;309.06802;630.6354
hugo;303;323.44244;293.68567;617.1281
hugo;304;315.2229;299.26218;614.4851
hugo;305;317.9083;297.9904;615.8987
hugo;306;316.64673;302.47043;619.1172
hugo;307;318.79947;296.48886;615.2883
hugo;308;318.9815;306.7126;625.6941
hugo;309;321.67554;304.24026;625.9158
hugo;310;321.17966;307.71243;628.8921
hugo;311;330.84454;294.21185;625.0564
hugo;312;325.5736;291.00394;616.5775
hugo;313;315.33286;299.2091;614.542
hugo;314;371.70013;296.67636;668.37646
hugo;315;318.13446;328.03226;646.16675
hugo;316;312.87195;350.52216;663.3941
hugo;317;331.12128;304.8054;635.92664
hugo;318;323.10098;298.33493;621.4359
hugo;319;353.2439;296.0696;649.3135
hugo;320;313.65445;311.74167;625.3961
hugo;321;333.6736;308.09335;641.76697
hugo;322;345.85355;334.1199;679.97345
hugo;323;348.90524;325.9952;674.90045
hugo;324;433.44177;382.14648;815.58826
hugo;325;473.4019;321.5543;794.9562
hugo;326;347.76782;327.07538;674.8432
hugo;327;340.1275;319.36847;659.496
hugo;328;472.46564;494.51654;966.9822
hugo;329;339.34912;336.67468;676.0238
hugo;330;349.6238;325.21832;674.84216
hugo;331;342.90796;339.08887;681.9968
hugo;332;383.41025;339.34177;722.752
hugo;333;336.17233;361.74286;697.91516
hugo;334;337.22034;348.35303;685.57336
hugo;335;346.12277;316.2382;662.36096
hugo;336;343.75513;331.4999;675.255
hugo;337;346.57538;330.29364;676.869
hugo;338;337.60532;330.64005;668.24536
hugo;339;337.26562;330.82788;668.0935
hugo;340;358.01993;325.2184;683.23834
hugo;341;366.2506;353.33768;719.58826
hugo;342;351.87997;524.5124;876.39233
hugo;343;305.9374;284.3612;590.2986
hugo;344;311.28006;386.87216;698.1522
hugo;345;349.45935;505.06772;854.5271
hugo;346;349.8827;523.07666;872.95935
hugo;347;346.4832;310.32272;656.8059
hugo;348;319.6052;289.93417;609.53937
hugo;349;321.68057;289.4553;611.13586
hugo;350;305.48752;314.3921;619.87964
hugo;351;314.7075;291.35956;606.067
hugo;352;308.1786;310.98566;619.16425
hugo;353;307.1596;296.8512;604.0108
hugo;354;309.86786;286.92334;596.7912
hugo;355;309.33548;288.32462;597.6601
hugo;356;308.63513;293.4177;602.05286
hugo;357;308.0041;291.51617;599.52026
hugo;358;314.09354;288.23895;602.3325
hugo;359;309.9237;294.08655;604.01025
hugo;360;306.95117;299.96704;606.9182
hugo;361;313.9279;298.35712;612.28503
hugo;362;308.1204;322.83698;630.9574
hugo;363;314.90726;288.75882;603.6661
hugo;364;319.769;289.31073;609.0797
hugo;365;309.66528;291.97733;601.6426
hugo;366;368.60052;287.24316;655.8437
hugo;367;305.00906;288.0539;593.063
hugo;368;346.61505;324.85095;671.466
hugo;369;418.52704;398.64417;817.1712
hugo;370;787.9109;748.6276;1536.5386
hugo;371;317.21487;312.58734;629.80225
hugo;372;380.79303;340.53293;721.3259
hugo;373;399.07507;299.604;698.6791
hugo;374;304.1258;286.63376;590.7595
hugo;375;323.8337;289.2001;613.0338
hugo;376;352.46173;288.54675;641.0085
hugo;377;352.97208;290.2403;643.2124
hugo;378;379.02704;292.10962;671.13666
hugo;379;308.62045;302.2453;610.8657
hugo;380;307.00357;312.35574;619.3593
hugo;381;310.085;291.68805;601.7731
hugo;382;305.11148;321.77115;626.8826
hugo;383;309.33972;292.59293;601.9326
hugo;384;316.61118;306.6807;623.2919
hugo;385;307.70007;292.6529;600.35297
hugo;386;311.89087;290.6579;602.54877
hugo;387;310.1647;287.8455;598.0102
hugo;388;317.13333;292.31503;609.44836
hugo;389;310.69705;291.17853;601.8756
hugo;390;304.13525;284.12408;588.25934
hugo;391;304.2149;291.5757;595.79065
hugo;392;317.6721;286.53;604.2021
hugo;393;418.67078;494.38867;913.05945
hugo;394;364.09122;286.81564;650.90686
hugo;395;307.36487;287.66217;595.02704
hugo;396;315.2014;291.20197;606.4033
hugo;397;306.65295;313.90555;620.5585
hugo;398;305.0631;293.7036;598.7667
hugo;399;317.74155;288.28323;606.0248
hugo;400;308.93835;313.35376;622.2921
hugo;401;314.2852;287.3507;601.63586
hugo;402;307.10522;322.58044;629.68567
hugo;403;307.10995;296.49252;603.6025
hugo;404;322.41028;287.24728;609.6576
hugo;405;307.44092;297.11288;604.55383
hugo;406;304.8597;295.10486;599.9646
hugo;407;306.23553;285.52838;591.7639
hugo;408;306.69464;288.34372;595.0383
hugo;409;307.60443;288.18744;595.7919
hugo;410;308.68622;288.43817;597.1244
hugo;411;304.30225;286.2296;590.53186
hugo;412;323.43378;293.17075;616.6045
hugo;413;311.98044;294.77518;606.7556
hugo;414;317.56308;338.25613;655.8192
hugo;415;312.16934;285.384;597.55334
hugo;416;306.05096;327.95538;634.00635
hugo;417;309.50922;291.26984;600.77905
hugo;418;309.52216;328.64157;638.1637
hugo;419;300.51822;285.88068;586.3989
hugo;420;329.77597;291.51984;621.2958
hugo;421;351.2189;290.6069;641.8258
hugo;422;304.15756;292.99173;597.1493
hugo;423;310.59985;286.87488;597.47473
hugo;424;304.18243;286.53583;590.71826
hugo;425;317.7816;286.3613;604.1429
hugo;426;305.65536;287.38617;593.0415
hugo;427;313.34006;297.11346;610.4535
hugo;428;303.13474;292.33615;595.4709
hugo;429;314.87564;286.61176;601.4874
hugo;430;306.2191;286.09003;592.3091
hugo;431;305.6223;321.48993;627.11224
hugo;432;307.2095;304.26;611.4695
hugo;433;313.59213;293.25797;606.8501
hugo;434;320.4493;290.44147;610.89075
hugo;435;306.05847;285.18042;591.2389
hugo;436;306.4392;287.47366;593.91284
hugo;437;309.22308;289.95227;599.17535
hugo;438;312.18643;290.0862;602.27264
hugo;439;306.35138;291.5705;597.9219
hugo;440;305.56946;290.40576;595.9752
hugo;441;303.77316;291.61215;595.3853
hugo;442;309.84027;288.09897;597.9392
hugo;443;313.85703;284.38208;598.23914
hugo;444;323.22153;293.75623;616.9778
hugo;445;310.44748;291.92892;602.3764
hugo;446;315.93008;294.06192;609.992
hugo;447;316.98428;286.35254;603.3368
hugo;448;304.93304;288.92514;593.85815
hugo;449;303.67502;293.1216;596.79663
hugo;450;340.7963;287.6893;628.4856
hugo;451;304.2084;301.80563;606.01404
hugo;452;304.8167;299.4552;604.2719
hugo;453;305.2538;293.1624;598.41626
hugo;454;314.29535;286.0213;600.31665
hugo;455;307.4823;290.5003;597.9826
hugo;456;315.37247;291.85526;607.2277
hugo;457;310.26636;307.63858;617.9049
hugo;458;307.53564;288.09396;595.62964
hugo;459;314.69577;293.3516;608.04736
hugo;460;308.1684;288.03873;596.20715
hugo;461;313.58102;285.4252;599.0062
hugo;462;313.39743;291.26328;604.6607
hugo;463;307.2245;288.44348;595.66797
hugo;464;310.4045;285.78732;596.19183
hugo;465;334.3031;324.0848;658.38794
hugo;466;431.26126;337.7988;769.06006
hugo;467;310.784;295.03717;605.82117
hugo;468;310.09583;298.1966;608.2924
hugo;469;361.99286;290.73975;652.7326
hugo;470;305.87598;304.05225;609.9282
hugo;471;307.3322;289.68137;597.01355
hugo;472;307.82236;289.1021;596.92444
hugo;473;311.9517;291.9335;603.8852
hugo;474;327.84235;287.53287;615.37524
hugo;475;314.31415;291.0081;605.32227
hugo;476;308.4807;290.49667;598.9774
hugo;477;346.21906;286.2814;632.5005
hugo;478;318.82297;297.98996;616.8129
hugo;479;305.44794;323.10165;628.54956
hugo;480;310.24258;297.21103;607.4536
hugo;481;305.8784;317.3071;623.1855
hugo;482;303.89685;292.7018;596.59863
hugo;483;312.45132;322.83786;635.2892
hugo;484;302.8652;290.54285;593.4081
hugo;485;308.89218;290.1735;599.0657
hugo;486;310.82733;316.91766;627.745
hugo;487;308.88745;290.50244;599.3899
hugo;488;314.27893;290.82675;605.1057
hugo;489;310.6088;287.67282;598.2816
hugo;490;314.51956;295.24448;609.76404
hugo;491;312.1992;298.80988;611.00903
hugo;492;307.98645;292.23825;600.22473
hugo;493;315.25128;322.71194;637.96326
hugo;494;321.019;392.5688;713.58777
hugo;495;394.0787;587.1875;981.26624
hugo;496;333.68637;359.81693;693.5033
hugo;497;312.82196;291.68884;604.5108
hugo;498;368.1877;291.874;660.0617
hugo;499;317.3941;335.9146;653.3087
hugo;500;327.54498;307.33063;634.8756
hugo;501;317.758;289.80832;607.5663
hugo;502;310.6563;300.51794;611.17426
hugo;503;350.685;296.0005;646.6855
hugo;504;377.24374;289.99225;667.23596
hugo;505;334.1504;421.49875;755.6492
hugo;506;611.16736;437.91794;1049.0853
hugo;507;418.65024;352.1354;770.78564
hugo;508;564.6517;467.32712;1031.9788
hugo;509;312.24176;375.67197;687.9137
hugo;510;536.2526;340.41357;876.6662
hugo;511;577.6591;353.72775;931.38684
hugo;512;312.65253;325.39648;638.049
hugo;513;334.32394;398.7828;733.10675
hugo;514;308.53348;382.64682;691.1803
hugo;515;306.6826;311.0112;617.6938
hugo;516;312.5325;287.68182;600.21436
hugo;517;315.8234;331.93393;647.7573
hugo;518;350.70926;314.70584;665.4151
hugo;519;396.03482;420.77444;816.80927
hugo;520;346.82455;301.82962;648.6542
hugo;521;341.3078;293.79797;635.1058
hugo;522;311.6009;285.56946;597.17035
hugo;523;319.93387;306.10547;626.0393
hugo;524;315.37997;289.5824;604.9624
hugo;525;306.40732;285.27853;591.68585
hugo;526;307.28635;304.4216;611.70795
hugo;527;310.26874;291.2837;601.5524
hugo;528;313.16925;308.51712;621.6864
hugo;529;308.71356;291.8784;600.5919
hugo;530;389.7101;528.2699;917.98
hugo;531;311.46747;287.22986;598.6973
hugo;532;318.7226;299.169;617.8916
hugo;533;304.50732;292.1672;596.67456
hugo;534;345.8952;350.7162;696.6114
hugo;535;325.20065;321.192;646.39264
hugo;536;333.30392;299.62402;632.928
hugo;537;329.27325;314.64246;643.9157
hugo;538;313.11853;313.84708;626.9656
hugo;539;388.07803;321.6836;709.7616
hugo;540;329.03937;420.68365;749.723
hugo;541;390.52737;381.2776;771.80493
hugo;542;316.021;289.98724;606.00824
hugo;543;463.9144;348.1358;812.0502
hugo;544;320.687;287.67188;608.3589
hugo;545;347.2593;313.5436;660.8029
hugo;546;306.96793;293.93744;600.9054
hugo;547;318.26102;310.22516;628.4862
hugo;548;310.36255;294.78323;605.14575
hugo;549;328.29;285.88324;614.1732
hugo;550;313.36957;289.5782;602.94775
hugo;551;321.09375;289.4571;610.55084
hugo;552;338.26578;312.204;650.4698
hugo;553;405.6087;529.9726;935.5813
hugo;554;315.77353;288.92252;604.69604
hugo;555;323.67053;305.3024;628.9729
hugo;556;388.1906;312.17413;700.36475
hugo;557;583.75385;521.0843;1104.8381
hugo;558;322.4618;309.52118;631.983
hugo;559;332.82565;321.0305;653.85614
hugo;560;396.61197;482.0126;878.6246
hugo;561;392.20023;355.14563;747.3458
hugo;562;340.41116;342.35187;682.76306
hugo;563;338.05664;329.77124;667.8279
hugo;564;339.4625;365.45245;704.9149
hugo;565;339.03717;364.52097;703.5581
hugo;566;346.47705;334.87656;681.35364
hugo;567;355.53125;323.6257;679.157
hugo;568;526.9662;466.95303;993.9192
hugo;569;382.4026;320.46216;702.86475
hugo;570;310.98465;298.54852;609.5332
hugo;571;323.1378;329.56653;652.70435
hugo;572;313.4935;308.3381;621.8316
hugo;573;359.83347;312.14108;671.97455
hugo;574;318.41278;291.8002;610.213
hugo;575;312.73178;299.03766;611.7694
hugo;576;309.6396;289.8655;599.5051
hugo;577;347.916;287.00543;634.9214
hugo;578;309.9679;296.2919;606.25977
hugo;579;314.7079;291.4289;606.1368
hugo;580;306.11932;290.98474;597.10406
hugo;581;313.83435;289.36377;603.1981
hugo;582;309.6369;288.472;598.1089
hugo;583;327.21915;361.00287;688.22205
hugo;584;403.04297;352.8078;755.85077
hugo;585;388.3298;340.07703;728.40686
hugo;586;366.10135;344.2389;710.3402
hugo;587;371.1798;389.20212;760.38196
hugo;588;531.1497;486.4704;1017.6201
hugo;589;565.22754;472.21686;1037.4443
hugo;590;359.0391;325.38977;684.42883
hugo;591;351.15576;302.00067;653.15643
hugo;592;330.5525;304.93237;635.48486
hugo;593;335.04477;321.08832;656.13306
hugo;594;322.34113;352.4196;674.76074
hugo;595;334.04984;311.3537;645.40356
hugo;596;328.91013;301.5786;630.4888
hugo;597;334.76678;340.10086;674.8677
hugo;598;349.64554;372.73865;722.38416
hugo;599;362.58154;310.136;672.7175
hugo;600;338.1773;351.0324;689.2097
hugo;601;342.39185;347.1199;689.5117
hugo;602;342.32507;344.28818;686.6133
hugo;603;346.55148;338.1465;684.698
hugo;604;367.9686;335.28018;703.2488
hugo;605;332.30905;333.20078;665.5098
hugo;606;332.1723;311.0166;643.1889
hugo;607;354.36276;311.36722;665.73
hugo;608;337.29617;307.96582;645.26196
hugo;609;343.50177;337.6666;681.16833
hugo;610;332.5459;317.70953;650.25543
hugo;611;339.545;312.76788;652.31287
hugo;612;334.30902;310.03818;644.34717
hugo;613;327.36874;310.4544;637.8231
hugo;614;337.61145;323.39862;661.0101
hugo;615;331.05405;319.66702;650.72107
hugo;616;332.55917;317.55466;650.11383
hugo;617;339.61722;321.46817;661.0854
hugo;618;303.1213;301.9488;605.07007
hugo;619;301.71652;281.39325;583.10974
hugo;620;292.21027;281.23895;573.4492
hugo;621;295.9273;396.06;691.9873
hugo;622;316.50073;273.62643;590.1272
hugo;623;310.33035;328.73145;639.06177
hugo;624;281.07565;256.26312;537.33875
hugo;625;408.76553;265.42633;674.1919
hugo;626;325.80173;339.5706;665.3723
hugo;627;342.3438;276.2175;618.5613
hugo;628;440.51093;553.18964;993.70056
hugo;629;429.8366;389.45126;819.28784
hugo;630;278.86014;258.11804;536.97815
hugo;631;281.81506;260.51733;542.3324
hugo;632;297.25638;275.1549;572.41125
hugo;633;279.04633;259.50034;538.54663
hugo;634;280.2075;283.97473;564.18225
hugo;635;277.5826;257.14706;534.7297
hugo;636;277.21713;258.97507;536.1922
hugo;637;280.57834;257.70245;538.28076
hugo;638;278.6771;267.29077;545.9679
hugo;639;290.98294;296.9015;587.8844
hugo;640;297.89563;257.7989;555.6945
hugo;641;277.6955;258.28253;535.978
hugo;642;277.78137;262.70328;540.4846
hugo;643;305.84973;257.51337;563.3631
hugo;644;280.3808;256.2868;536.6676
hugo;645;290.2558;272.5211;562.77686
hugo;646;281.49973;271.99997;553.4997
hugo;647;325.68875;322.27878;647.9675
hugo;648;462.93933;283.00345;745.94275
hugo;649;287.26663;267.42795;554.6946
hugo;650;286.58078;263.03024;549.611
hugo;651;296.7738;301.6734;598.4472
hugo;652;318.7813;309.82272;628.604
hugo;653;495.55347;479.82205;975.3755
hugo;654;286.7596;292.82565;579.58527
hugo;655;320.6895;281.35754;602.04706
hugo;656;317.45715;327.03528;644.49243
hugo;657;345.9857;284.53717;630.5228
hugo;658;548.0894;402.18097;950.2704
hugo;659;334.827;271.1318;605.9588
hugo;660;401.1487;319.54712;720.6958
hugo;661;327.31256;263.2101;590.5227
hugo;662;286.04773;280.55753;566.6052
hugo;663;435.56912;265.8399;701.40906
hugo;664;297.67947;265.62878;563.3082
hugo;665;296.4799;271.03015;567.51
hugo;666;367.96802;291.93607;659.90405
hugo;667;304.10355;267.91278;572.01636
hugo;668;307.58884;265.09253;572.6814
hugo;669;333.98108;484.9726;818.9537
hugo;670;569.3664;529.4338;1098.8002
hugo;671;570.7053;531.4609;1102.1663
hugo;672;394.74094;507.91016;902.6511
hugo;673;365.95505;419.29663;785.2517
hugo;674;371.60684;301.951;673.55786
hugo;675;316.84048;284.4487;601.2892
hugo;676;312.90353;284.35745;597.261
hugo;677;303.72556;282.62296;586.3485
hugo;678;306.70087;307.3128;614.0137
hugo;679;357.3729;282.03238;639.4053
hugo;680;337.92935;256.63718;594.5665
hugo;681;273.9829;260.99475;534.97766
hugo;682;277.93506;259.40085;537.33594
hugo;683;282.9536;258.48892;541.4425
hugo;684;285.6881;267.84042;553.52856
hugo;685;279.04996;257.9386;536.9885
hugo;686;276.67938;262.96173;539.6411
hugo;687;277.59576;258.7592;536.355
hugo;688;276.39227;260.07175;536.464
hugo;689;285.85297;262.15173;548.0047
hugo;690;275.59296;262.50922;538.1022
hugo;691;280.74554;257.82288;538.5684
hugo;692;287.74387;255.04756;542.79144
hugo;693;343.13562;366.01114;709.1467
hugo;694;527.74304;454.6963;982.43933
hugo;695;430.60608;449.94742;880.55347
hugo;696;322.983;311.98022;634.96326
hugo;697;291.10004;284.08673;575.18677
hugo;698;290.14874;285.9456;576.09436
hugo;699;318.62375;315.0834;633.70715
hugo;700;321.18497;280.79062;601.9756
hugo;701;291.22467;265.29828;556.52295
hugo;702;299.91898;268.4339;568.3529
hugo;703;357.39468;307.38632;664.781
hugo;704;313.83292;296.7843;610.6172
hugo;705;530.0235;440.21582;970.2393
hugo;706;585.03076;265.4301;850.4609
hugo;707;285.61047;290.3774;575.9879
hugo;708;287.13495;313.21036;600.34534
hugo;709;341.4178;276.18503;617.6028
hugo;710;376.76733;341.49332;718.2606
hugo;711;301.215;268.1143;569.3293
hugo;712;300.85364;283.0856;583.9392
hugo;713;359.10278;291.7068;650.8096
hugo;714;887.89905;401.88766;1289.7867
hugo;715;403.40854;330.86646;734.275
hugo;716;804.87427;514.9092;1319.7834
hugo;717;304.7683;265.04745;569.8158
hugo;718;361.47543;336.1033;697.57874
hugo;719;392.73044;320.65964;713.3901
hugo;720;284.36685;312.90192;597.2688
hugo;721;287.6395;265.4541;553.0936
hugo;722;287.50812;276.50092;564.00903
hugo;723;284.19812;272.48383;556.68195
hugo;724;295.34732;291.39774;586.74506
hugo;725;285.2834;266.5038;551.78723
hugo;726;289.77444;266.66547;556.43994
hugo;727;356.91034;414.28998;771.2003
hugo;728;283.9278;265.15857;549.08636
hugo;729;289.34967;268.46503;557.8147
hugo;730;352.47577;276.83093;629.3067
hugo;731;286.78683;377.68286;664.4697
hugo;732;632.24207;609.86865;1242.1107
hugo;733;781.82837;590.5219;1372.3503
hugo;734;592.4398;460.8398;1053.2797
hugo;735;1064.301;777.8046;1842.1057
hugo;736;341.26855;304.98624;646.25476
hugo;737;946.9267;494.58337;1441.51
hugo;738;325.37183;283.44537;608.8172
hugo;739;422.70572;369.08197;791.7877
hugo;740;420.75052;269.65182;690.40234
hugo;741;306.9218;347.66458;654.5864
hugo;742;289.16068;272.67703;561.8377
hugo;743;310.59335;299.43317;610.0265
hugo;744;287.56705;273.7109;561.27795
hugo;745;294.35443;269.99567;564.3501
hugo;746;295.96677;271.83627;567.80304
hugo;747;298.05527;282.39905;580.45435
hugo;748;332.58725;291.6618;624.249
hugo;749;296.29074;274.2776;570.56836
hugo;750;287.82513;273.91663;561.74176
hugo;751;414.78442;290.67685;705.4613
hugo;752;608.68695;720.659;1329.346
hugo;753;352.0251;492.36078;844.38586
hugo;754;344.74304;315.51477;660.2578
hugo;755;662.3346;571.8739;1234.2085
hugo;756;724.21625;539.2244;1263.4407
hugo;757;443.8312;912.9001;1356.7313
hugo;758;759.6751;1065.806;1825.4812
hugo;759;1074.4235;588.5308;1662.9543
hugo;760;351.68875;455.6042;807.29297
hugo;761;667.855;578.4265;1246.2815
hugo;762;930.04144;607.4088;1537.4502
hugo;763;701.3336;673.7443;1375.0779
hugo;764;868.05664;830.1297;1698.1863
hugo;765;909.4088;593.07697;1502.4858
hugo;766;709.7358;663.9713;1373.707
hugo;767;717.23224;601.2782;1318.5105
hugo;768;605.7041;575.76843;1181.4725
hugo;769;784.3069;689.9838;1474.2908
hugo;770;705.21906;579.2212;1284.4402
hugo;771;673.7993;711.25854;1385.0579
hugo;772;943.0749;1105.7959;2048.8708
hugo;773;784.29285;663.50946;1447.8022
hugo;774;595.8321;591.33813;1187.1702
hugo;775;567.9096;526.52924;1094.4388
hugo;776;960.0103;545.3121;1505.3224
hugo;777;576.6786;299.88995;876.56854
hugo;778;445.68002;499.4148;945.09485
hugo;779;910.9439;314.05457;1224.9985
hugo;780;509.75266;548.0601;1057.8127
hugo;781;576.6605;298.57367;875.2342
hugo;782;387.48822;392.08218;779.57043
hugo;783;409.28717;717.40454;1126.6917
hugo;784;820.25385;515.8901;1336.1439
hugo;785;381.73016;325.0656;706.7958
hugo;786;617.23486;395.25662;1012.49146
hugo;787;293.37204;272.9995;566.3716
hugo;788;289.59644;270.1947;559.79114
hugo;789;293.49545;272.87234;566.3678
hugo;790;300.8944;268.72833;569.62274
hugo;791;486.78714;458.94083;945.72797
hugo;792;355.68512;379.69492;735.38
hugo;793;595.87555;688.19324;1284.0688
hugo;794;498.08707;333.36597;831.453
hugo;795;423.9887;531.58813;955.57684
hugo;796;315.44153;319.14877;634.59033
hugo;797;287.48996;277.18414;564.6741
hugo;798;286.80154;277.18628;563.9878
hugo;799;288.98776;278.8303;567.81805
hugo;800;286.044;269.55685;555.6008
hugo;801;302.36948;264.89044;567.2599
hugo;802;361.68256;265.97412;627.6567
hugo;803;286.52127;270.71625;557.23755
hugo;804;301.86417;273.55167;575.41583
hugo;805;286.5934;268.38528;554.9787
hugo;806;326.91977;263.79718;590.7169
hugo;807;293.41483;266.57864;559.99347
hugo;808;288.22952;305.52414;593.75366
hugo;809;295.31107;270.28983;565.6009
hugo;810;293.64188;270.73752;564.3794
hugo;811;297.98734;311.18408;609.1714
hugo;812;580.8268;327.93936;908.7661
hugo;813;290.3644;267.78598;558.1504
hugo;814;296.01453;280.31332;576.3279
hugo;815;354.51843;292.71417;647.2326
hugo;816;296.6695;268.3185;564.98804
hugo;817;287.72726;269.45364;557.1809
hugo;818;314.72052;462.44095;777.1615
hugo;819;300.95956;270.0195;570.97906
hugo;820;350.85187;284.6065;635.4584
hugo;821;306.12296;296.6921;602.81506
hugo;822;295.81073;279.7209;575.5316
hugo;823;337.5854;428.0066;765.592
hugo;824;298.73285;268.96265;567.6955
hugo;825;432.81363;481.12918;913.9428
hugo;826;303.4103;292.1516;595.5619
hugo;827;301.2308;268.577;569.8078
hugo;828;330.2393;267.4106;597.6499
hugo;829;321.01477;270.74225;591.757
hugo;830;288.25232;275.2853;563.5376
hugo;831;294.02988;266.71243;560.7423
hugo;832;287.678;265.97833;553.6564
hugo;833;287.96127;268.91647;556.87775
hugo;834;287.93494;272.30484;560.23975
hugo;835;290.75153;267.94547;558.697
hugo;836;289.95163;270.15662;560.1083
hugo;837;294.46216;276.40344;570.8656
hugo;838;294.51926;302.2944;596.81366
hugo;839;515.031;272.07138;787.1024
hugo;840;289.83475;267.97504;557.8098
hugo;841;289.64075;271.32886;560.9696
hugo;842;286.50244;267.36823;553.87067
hugo;843;293.9332;267.93158;561.86475
hugo;844;315.21893;290.48837;605.7073
hugo;845;296.64117;298.5125;595.1537
hugo;846;288.18152;287.2668;575.44836
hugo;847;310.33786;265.70468;576.04254
hugo;848;290.85562;269.22476;560.0804
hugo;849;292.22778;270.9177;563.1455
hugo;850;289.00912;266.59906;555.60815
hugo;851;287.69083;273.1225;560.81335
hugo;852;288.54715;268.34186;556.88904
hugo;853;325.23544;518.0801;843.31555
hugo;854;286.41476;273.96207;560.37683
hugo;855;290.31262;268.36328;558.6759
hugo;856;305.3202;270.37677;575.69696
hugo;857;299.59283;273.7447;573.3375
hugo;858;299.61975;292.25162;591.87134
hugo;859;288.45078;267.54077;555.9916
hugo;860;297.52225;276.46704;573.98926
hugo;861;285.55188;281.10156;566.65344
hugo;862;294.69803;289.12558;583.8236
hugo;863;301.0163;307.07242;608.08875
hugo;864;292.55167;320.17932;612.73096
hugo;865;294.22592;272.26688;566.4928
hugo;866;288.56647;274.64774;563.21423
hugo;867;288.95905;268.1511;557.1101
hugo;868;293.0967;269.01257;562.10925
hugo;869;304.767;270.23587;575.00287
hugo;870;405.06287;286.41782;691.4807
hugo;871;309.6793;284.44202;594.12134
hugo;872;291.75357;270.98975;562.7433
hugo;873;290.7671;307.06116;597.82825
hugo;874;328.37613;270.3785;598.75464
hugo;875;333.9557;269.22778;603.1835
hugo;876;296.00525;308.80124;604.8065
hugo;877;300.8044;278.17685;578.98126
hugo;878;311.43787;307.47955;618.9174
hugo;879;289.95602;270.06302;560.01904
hugo;880;292.3973;269.99246;562.3898
hugo;881;290.72235;267.87607;558.5984
hugo;882;330.5976;349.66425;680.26184
hugo;883;287.996;281.45438;569.4504
hugo;884;286.52374;289.9974;576.5211
hugo;885;293.43848;266.5209;559.95935
hugo;886;289.37817;289.85892;579.23706
hugo;887;470.7797;333.2768;804.0565
hugo;888;292.6624;301.31204;593.9745
hugo;889;299.63962;291.69528;591.3349
hugo;890;358.77155;284.16147;642.933
hugo;891;316.45407;267.37622;583.8303
hugo;892;291.2704;310.14435;601.41473
hugo;893;324.16995;269.1745;593.3445
hugo;894;289.30774;267.60452;556.91223
hugo;895;288.9192;268.4308;557.35
hugo;896;286.80276;275.71326;562.516
hugo;897;350.53717;304.6111;655.1483
hugo;898;306.58383;278.34305;584.9269
hugo;899;287.69833;275.09198;562.7903
hugo;900;290.38132;269.51886;559.90015
hugo;901;298.95996;309.46457;608.42456
hugo;902;354.71503;276.7789;631.4939
hugo;903;289.79346;268.80908;558.60254
hugo;904;302.0443;274.33447;576.3788
hugo;905;287.9283;269.62927;557.5576
hugo;906;287.9521;275.19534;563.14746
hugo;907;294.36948;266.65787;561.02734
hugo;908;292.29214;350.85095;643.14307
hugo;909;297.06497;268.00998;565.07495
hugo;910;289.92075;290.17798;580.09875
hugo;911;294.42;287.62628;582.04626
hugo;912;352.15503;279.06308;631.21814
hugo;913;292.1707;269.30194;561.47266
hugo;914;293.99026;271.95877;565.94904
hugo;915;320.07944;270.97705;591.0565
hugo;916;538.03174;495.35455;1033.3862
hugo;917;345.15488;322.76022;667.9151
hugo;918;625.4731;506.1481;1131.6212
hugo;919;287.47244;308.4214;595.8938
hugo;920;487.965;361.6641;849.6291
hugo;921;299.0074;274.61642;573.6238
hugo;922;293.29767;272.1695;565.46716
hugo;923;289.82272;276.755;566.57776
hugo;924;289.37366;273.73108;563.10474
hugo;925;293.89297;272.19254;566.0855
hugo;926;278.2975;258.73227;537.0298
hugo;927;315.40155;269.60446;585.006
hugo;928;340.9189;268.72653;609.64545
hugo;929;282.82672;259.62396;542.4507
hugo;930;285.65387;289.9857;575.6395
hugo;931;279.01514;258.52808;537.5432
hugo;932;281.10278;259.40665;540.5094
hugo;933;278.82315;266.13092;544.9541
hugo;934;278.72446;267.83328;546.55774
hugo;935;281.73108;272.78812;554.51917
hugo;936;283.83054;263.40036;547.2309
hugo;937;313.11835;269.30978;582.4281
hugo;938;279.69122;258.57825;538.2695
hugo;939;281.09933;300.7293;581.8286
hugo;940;286.0044;259.38068;545.3851
hugo;941;278.3729;261.68784;540.0607
hugo;942;280.73364;297.54535;578.279
hugo;943;323.7486;261.74026;585.4889
hugo;944;282.24994;265.75455;548.0045
hugo;945;282.11624;261.55753;543.67377
hugo;946;306.5777;263.5144;570.0921
hugo;947;287.8964;263.33633;551.2327
hugo;948;280.4246;260.90024;541.3248
hugo;949;284.23047;260.72403;544.95447
hugo;950;283.69595;264.3617;548.0576
hugo;951;279.26617;262.05536;541.32153
hugo;952;297.80222;266.175;563.9772
hugo;953;283.93103;280.47955;564.4106
hugo;954;279.56137;264.2721;543.8335
hugo;955;283.83032;262.77942;546.60974
hugo;956;286.24957;263.47458;549.7241
hugo;957;317.21753;258.41168;575.6292
hugo;958;283.4005;287.3838;570.7843
hugo;959;283.86053;262.8845;546.745
hugo;960;287.32755;265.90308;553.2306
hugo;961;287.441;261.22433;548.66534
hugo;962;280.45084;261.5715;542.02234
hugo;963;279.30707;260.70944;540.0165
hugo;964;281.46664;262.3394;543.806
hugo;965;284.72125;260.99344;545.7147
hugo;966;283.40176;265.4314;548.8331
hugo;967;279.51;263.20178;542.7118
hugo;968;297.6071;260.17697;557.78406
hugo;969;280.75586;263.71613;544.472
hugo;970;282.35538;264.51135;546.8667
hugo;971;277.3618;261.17413;538.5359
hugo;972;281.89963;261.99063;543.89026
hugo;973;310.05756;262.0571;572.1146
hugo;974;282.49557;259.56262;542.0582
hugo;975;277.76212;258.35196;536.1141
hugo;976;284.17044;261.3496;545.52
hugo;977;280.06802;258.82004;538.88806
hugo;978;284.66095;274.13663;558.7976
hugo;979;285.2692;260.2193;545.4885
hugo;980;284.32648;262.9066;547.23303
hugo;981;282.03702;262.11743;544.1544
hugo;982;280.7099;283.29224;564.00214
hugo;983;279.00604;266.19815;545.2042
hugo;984;302.9856;260.3035;563.28906
hugo;985;282.28033;261.1454;543.4257
hugo;986;284.1224;260.39273;544.51514
hugo;987;288.5169;269.0462;557.5631
hugo;988;393.61606;288.9671;682.5831
hugo;989;311.73267;260.15704;571.8897
hugo;990;306.4392;283.96997;590.4092
hugo;991;290.66467;264.64532;555.31
hugo;992;323.11856;262.8815;586.00006
hugo;993;296.02365;309.95117;605.97485
hugo;994;278.31934;265.16183;543.4812
hugo;995;284.07272;258.5376;542.61035
hugo;996;281.29514;267.98566;549.28076
hugo;997;282.57364;263.9748;546.54846
hugo;998;282.13412;267.5213;549.6554
hugo;999;289.3623;259.91452;549.27686
